step,system_total_stopped,system_total_waiting_time,system_mean_waiting_time,system_mean_speed,J14_stopped,J14_accumulated_waiting_time,J14_average_speed,agents_total_stopped,agents_total_accumulated_waiting_time
0.0,0,0.0,0.0,0.0,0,0.0,1.0,0,0.0
5.0,0,0.0,0.0,12.750226236804318,0,0.0,0.9536621827053007,0,0.0
10.0,0,0.0,0.0,7.174575741886715,0,0.0,0.544014991833265,0,0.0
15.0,1,3.0,0.42857142857142855,8.44741447688917,1,3.0,0.7129216704217857,1,3.0
20.0,2,10.0,1.1111111111111112,6.960651703451806,2,10.0,0.40358741315588126,2,10.0
25.0,1,1.0,0.09090909090909091,7.417799886966708,0,4.0,0.5405768273657311,0,4.0
30.0,0,0.0,0.0,10.683803117341181,0,0.0,0.7895362621567259,0,0.0
35.0,1,2.0,0.1111111111111111,8.124763914392556,1,2.0,0.5332501115074172,1,2.0
40.0,6,23.0,1.2105263157894737,6.30056093067587,6,23.0,0.3454469092756599,6,23.0
45.0,2,5.0,0.2777777777777778,4.407864230371708,1,20.0,0.2582701701978928,1,20.0
50.0,4,12.0,0.6666666666666666,6.3028420298822905,4,26.0,0.22997950646686594,4,26.0
55.0,4,7.0,0.4666666666666667,6.115037355298544,3,26.0,0.1876686838122267,3,26.0
60.0,3,21.0,1.75,6.726291798174586,3,32.0,0.3552293420290091,3,32.0
65.0,0,0.0,0.0,8.933387630073598,0,15.0,0.6246526611007704,0,15.0
70.0,0,0.0,0.0,9.697686990885423,0,0.0,0.7059988262129814,0,0.0
75.0,3,7.0,0.5,7.168408253895528,3,7.0,0.44925483182896403,3,7.0
80.0,2,5.0,0.35714285714285715,6.84714837978869,2,15.0,0.4102655449710041,2,15.0
85.0,2,15.0,1.1538461538461537,7.760214391347313,2,15.0,0.3922685881959955,2,15.0
90.0,1,3.0,0.23076923076923078,7.562710241750559,1,3.0,0.5446207677113036,1,3.0
95.0,3,13.0,0.9285714285714286,8.616880400627073,3,13.0,0.5386334448392321,3,13.0
100.0,1,1.0,0.07142857142857142,6.628374305451793,1,11.0,0.4017191820394922,1,11.0
105.0,5,17.0,1.0,6.49847174914257,5,17.0,0.3362217115770045,5,17.0
110.0,1,6.0,0.3157894736842105,8.190540294709601,1,19.0,0.5518694806569688,1,19.0
115.0,1,2.0,0.1111111111111111,7.538697663564104,1,8.0,0.38220726884104356,1,8.0
120.0,3,15.0,0.8823529411764706,8.394600936019811,3,15.0,0.39583745852027713,3,15.0
125.0,0,0.0,0.0,8.478885848228176,0,10.0,0.4360994227781197,0,10.0
130.0,3,10.0,0.7142857142857143,8.71843499642493,3,10.0,0.48800761136940696,3,10.0
135.0,5,31.0,2.3846153846153846,4.536753043989633,5,31.0,0.12483639567735723,5,31.0
140.0,2,6.0,0.42857142857142855,5.561178317405426,1,24.0,0.39078233977780696,1,24.0
145.0,0,0.0,0.0,7.771926984474338,0,11.0,0.45918315381546543,0,11.0
150.0,2,5.0,0.3333333333333333,9.88756109568904,1,8.0,0.584562554832693,1,8.0
155.0,1,8.0,0.7272727272727273,8.838186499088296,1,8.0,0.5035199146043827,1,8.0
160.0,3,4.0,0.2857142857142857,9.083660625469614,2,3.0,0.6763229299430091,2,3.0
165.0,2,13.0,0.7222222222222222,6.69397538168723,2,13.0,0.4618047585941809,2,13.0
170.0,2,2.0,0.11764705882352941,4.089449775101286,1,14.0,0.22407943886345627,1,14.0
175.0,5,17.0,0.85,5.628438167436779,4,16.0,0.25199211969569757,4,16.0
180.0,1,4.0,0.19047619047619047,7.948925757494343,1,18.0,0.5749788309155447,1,18.0
185.0,4,19.0,0.76,6.907825317936153,4,19.0,0.3720874602060263,4,19.0
190.0,3,6.0,0.2857142857142857,4.527927641960096,2,12.0,0.22486166317128453,2,12.0
195.0,5,24.0,1.0909090909090908,5.392721500167199,5,26.0,0.2998279585105484,5,26.0
200.0,4,13.0,0.52,6.884069138722846,4,30.0,0.39460342539839577,4,30.0
205.0,6,40.0,1.7391304347826086,6.901421107465567,6,43.0,0.40760530984842197,6,43.0
210.0,5,17.0,0.68,6.381297694009008,4,41.0,0.3898233788862695,4,41.0
215.0,3,10.0,0.37037037037037035,6.566167605760536,2,38.0,0.36285349002134254,2,38.0
220.0,3,4.0,0.16,7.040070244261171,1,42.0,0.44467500598167814,1,42.0
225.0,9,23.0,1.0,3.841537820232985,9,57.0,0.14726130405693236,9,57.0
230.0,6,17.0,0.7083333333333334,4.8471773269428695,4,58.0,0.2659709570503762,4,58.0
235.0,2,15.0,0.5357142857142857,7.444790115917068,1,41.0,0.5017704503492922,1,41.0
240.0,6,14.0,0.5185185185185185,4.851677259654314,6,46.0,0.22046193416565069,6,46.0
245.0,10,60.0,2.0,4.675292749741331,10,90.0,0.2106240491524454,10,90.0
250.0,7,13.0,0.43333333333333335,4.052974024665111,5,85.0,0.20904999797212148,5,85.0
255.0,5,18.0,0.6428571428571429,4.571751554965511,4,43.0,0.15486212991141646,4,43.0
260.0,1,12.0,0.4444444444444444,6.238946580099497,1,18.0,0.25461758781416033,1,18.0
265.0,5,11.0,0.4782608695652174,4.27885784819205,5,17.0,0.17845284633415065,5,17.0
270.0,9,47.0,2.1363636363636362,3.78777092750871,9,56.0,0.1317403148858082,9,56.0
275.0,4,27.0,1.35,3.6773742716241626,4,64.0,0.1720846680098975,4,64.0
280.0,1,1.0,0.05263157894736842,5.947897392956974,0,37.0,0.1825356673067202,0,37.0
285.0,1,1.0,0.05555555555555555,7.025528022755809,1,29.0,0.32193584134006636,1,29.0
290.0,4,11.0,0.7333333333333333,5.1197312306676395,4,39.0,0.2827055127759148,4,39.0
295.0,9,45.0,2.8125,1.748346751031617,9,73.0,0.12468000922835577,9,73.0
300.0,13,105.0,5.25,2.9848398341958533,13,133.0,0.21871160638975312,13,133.0
305.0,15,177.0,7.695652173913044,2.938477441642226,15,205.0,0.13638050798510803,15,205.0
310.0,8,96.0,4.0,3.773565117003187,8,185.0,0.2158683450743549,8,185.0
315.0,2,6.0,0.24,4.250261133471447,1,137.0,0.1877221193713258,1,137.0
320.0,1,2.0,0.09090909090909091,5.1523351609726715,1,137.0,0.25289762298415036,1,137.0
325.0,7,29.0,1.380952380952381,2.7209347303610603,7,163.0,0.06596894170820852,7,163.0
330.0,6,16.0,0.7619047619047619,4.357161922530866,5,141.0,0.26940680779571585,5,141.0
335.0,1,3.0,0.13043478260869565,5.377564679591991,1,101.0,0.25352537630323213,1,101.0
340.0,2,1.0,0.04,6.124710570091919,2,64.0,0.333529385711729,2,64.0
345.0,3,4.0,0.14814814814814814,7.436796880918819,3,67.0,0.4313316231664424,3,67.0
350.0,9,35.0,1.4583333333333333,4.405052322297647,9,98.0,0.24542334789763592,9,98.0
355.0,7,22.0,0.8148148148148148,4.291268738683537,6,91.0,0.2016298441698198,6,91.0
360.0,3,10.0,0.3333333333333333,6.306595570141159,3,76.0,0.3738440794543375,3,76.0
365.0,4,13.0,0.41935483870967744,5.3197055185365345,4,85.0,0.3053035795413372,4,85.0
370.0,12,54.0,1.7419354838709677,3.0759326049041547,12,120.0,0.10655627002860396,12,120.0
375.0,10,43.0,1.34375,3.201551133823327,10,122.0,0.11406239526654667,10,122.0
380.0,9,39.0,1.21875,3.8886193387345136,9,152.0,0.17105393654490278,9,152.0
385.0,4,41.0,1.28125,5.516096387801222,4,139.0,0.2629151876630028,4,139.0
390.0,4,9.0,0.3333333333333333,3.7134390995946314,4,133.0,0.083842861552793,4,133.0
395.0,11,55.0,2.2916666666666665,3.156349092411442,11,153.0,0.040337124098402934,11,153.0
400.0,7,28.0,1.2727272727272727,3.335021609814707,6,151.0,0.11422527177830447,6,151.0
405.0,4,15.0,0.6521739130434783,5.717033801280679,4,130.0,0.23885886241584592,4,130.0
410.0,2,14.0,0.7,6.277651076482593,2,105.0,0.2771948292000963,2,105.0
415.0,2,19.0,0.8260869565217391,7.043838374248216,1,85.0,0.416835741872955,1,85.0
420.0,2,24.0,1.263157894736842,5.743929899951735,2,75.0,0.30901713258993274,2,75.0
425.0,5,42.0,1.9090909090909092,6.8216455810149235,5,66.0,0.378260422284642,5,66.0
430.0,2,4.0,0.21052631578947367,5.047596919953893,2,46.0,0.2539193653560787,2,46.0
435.0,9,28.0,1.4,5.062535020176054,9,52.0,0.21804988428757685,9,52.0
440.0,7,63.0,2.739130434782609,5.897102638306267,7,87.0,0.270675465057781,7,87.0
445.0,8,102.0,5.1,5.626136946431641,8,126.0,0.358583488824615,8,126.0
450.0,3,26.0,1.368421052631579,3.8847423246661097,2,77.0,0.2112725413611313,2,77.0
455.0,1,3.0,0.13636363636363635,5.218566110638778,1,50.0,0.21881667699058852,1,50.0
460.0,6,22.0,1.1578947368421053,6.293559762371873,6,69.0,0.30489759020734836,6,69.0
465.0,9,62.0,2.8181818181818183,4.737372766052886,9,109.0,0.27319597318035777,9,109.0
470.0,2,11.0,0.5,5.123133719723956,1,77.0,0.3720813883055219,1,77.0
475.0,4,7.0,0.2916666666666667,6.102237461824043,2,30.0,0.36858938169065275,2,30.0
480.0,2,9.0,0.42857142857142855,5.60148598458237,2,18.0,0.22526632920811454,2,18.0
485.0,3,24.0,1.2,7.646020972127782,3,25.0,0.4068237179131506,3,25.0
490.0,4,9.0,0.5294117647058824,5.524160407966934,4,18.0,0.23000155293244232,4,18.0
495.0,7,41.0,2.411764705882353,6.439975078219335,7,42.0,0.3389963920041312,7,42.0
500.0,8,79.0,4.388888888888889,4.786452049464348,8,80.0,0.29237196138885435,8,80.0
505.0,3,17.0,0.85,4.962270999964223,2,66.0,0.34404884147026354,2,66.0
510.0,4,13.0,0.5,6.124742339996398,4,45.0,0.32129875747852965,4,45.0
515.0,3,6.0,0.2608695652173913,5.115416209435449,3,50.0,0.23273574915308992,3,50.0
520.0,10,43.0,2.0476190476190474,5.09645991969608,10,77.0,0.20999900810112926,10,77.0
525.0,12,99.0,4.304347826086956,4.578641980949999,12,133.0,0.20531875433648233,12,133.0
530.0,4,47.0,2.238095238095238,5.362595024918606,4,104.0,0.3156102752447408,4,104.0
535.0,2,4.0,0.19047619047619047,6.394060071435276,2,66.0,0.3179100486084115,2,66.0
540.0,2,14.0,0.6666666666666666,6.849575336137319,2,26.0,0.35370589464181124,2,26.0
545.0,2,9.0,0.375,8.110916132187834,2,21.0,0.5238274500388231,2,21.0
550.0,7,36.0,1.7142857142857142,4.218685637925125,7,48.0,0.17541625914165335,7,48.0
555.0,4,9.0,0.42857142857142855,3.3138893126713085,4,38.0,0.2305537165653717,4,38.0
560.0,2,11.0,0.5,5.8785969681778445,2,31.0,0.30269536060394125,2,31.0
565.0,4,7.0,0.3684210526315789,4.045680326180669,4,35.0,0.07122618160413083,4,35.0
570.0,12,54.0,3.0,3.031676771783785,12,74.0,0.12542943927686553,12,74.0
575.0,0,0.0,0.0,6.3015338185772345,0,62.0,0.4149634907975336,0,62.0
580.0,2,6.0,0.25,8.617005498644323,2,14.0,0.5174688332657741,2,14.0
585.0,3,8.0,0.34782608695652173,4.5013544111424935,3,21.0,0.14941771226345982,3,21.0
590.0,11,48.0,2.1818181818181817,4.317643282202495,11,58.0,0.21294824090658374,11,58.0
595.0,10,98.0,4.454545454545454,5.193024026584948,10,106.0,0.26385720124778334,10,106.0
600.0,4,13.0,0.65,3.511225949115753,3,85.0,0.16702507797931793,3,85.0
605.0,5,14.0,0.6666666666666666,4.7955920289847755,4,73.0,0.17071545862991105,4,73.0
610.0,5,24.0,1.0909090909090908,5.18818427686149,5,93.0,0.2781874378454625,5,93.0
615.0,10,56.0,2.5454545454545454,4.180260430539793,10,122.0,0.23275249431967804,10,122.0
620.0,8,69.0,2.76,4.81295621039366,7,130.0,0.30199883545826056,7,130.0
625.0,1,6.0,0.2222222222222222,6.8029152357801825,1,46.0,0.3571231569390291,1,46.0
630.0,5,22.0,0.8461538461538461,7.956509154441373,4,19.0,0.3234576728098311,4,19.0
635.0,1,1.0,0.05,7.249634108116799,1,12.0,0.3621575416242457,1,12.0
640.0,4,15.0,0.9375,3.983341944407093,4,17.0,0.12476702769272568,4,17.0
645.0,7,49.0,2.7222222222222223,7.386951697572899,7,49.0,0.3850811481311718,7,49.0
650.0,3,16.0,0.8888888888888888,5.991420247209483,2,48.0,0.35247630267003155,2,48.0
655.0,3,8.0,0.5,5.795822889737449,3,45.0,0.2171354957216086,3,45.0
660.0,6,19.0,1.2666666666666666,5.092490806330561,6,67.0,0.12310841982622862,6,67.0
665.0,6,39.0,2.7857142857142856,4.465474591419069,6,81.0,0.24821067014456236,6,81.0
670.0,6,69.0,4.0588235294117645,6.490897591327192,6,106.0,0.3600864519601587,6,106.0
675.0,2,2.0,0.1111111111111111,6.346335730943632,1,57.0,0.4588890694403579,1,57.0
680.0,4,8.0,0.4444444444444444,5.081171545223863,4,9.0,0.22058875950240753,4,9.0
685.0,3,7.0,0.4375,4.134579668397561,3,14.0,0.12815873240976047,3,14.0
690.0,7,31.0,2.066666666666667,4.226515647212654,7,35.0,0.22679892503035617,7,35.0
695.0,3,10.0,0.625,5.579434985436811,3,37.0,0.24475609063062814,3,37.0
700.0,4,20.0,1.25,6.892575159736902,4,38.0,0.33595791553785803,4,38.0
705.0,3,34.0,2.4285714285714284,7.332204877701282,3,36.0,0.36843978201467387,3,36.0
710.0,4,54.0,4.153846153846154,7.749579404413873,4,56.0,0.4486909082227677,4,56.0
715.0,5,75.0,6.818181818181818,5.549330436139125,5,77.0,0.16678746534665587,5,77.0
720.0,1,1.0,0.07692307692307693,7.9876166393759,0,41.0,0.5667938175848337,0,41.0
725.0,0,0.0,0.0,7.230679390968044,0,15.0,0.488009137416016,0,15.0
730.0,1,1.0,0.0625,6.777903191872136,1,17.0,0.4837667442830112,1,17.0
735.0,4,18.0,1.2,5.927414973292216,4,33.0,0.13515540606778767,4,33.0
740.0,1,3.0,0.1875,6.909331903859897,1,23.0,0.35269391009052586,1,23.0
745.0,1,5.0,0.3125,7.529793448135365,1,12.0,0.4656358771792432,1,12.0
750.0,3,4.0,0.2222222222222222,6.951442303425183,2,12.0,0.4773898831653363,2,12.0
755.0,4,19.0,1.1176470588235294,6.454405804596565,4,26.0,0.34892362756284306,4,26.0
760.0,3,13.0,0.8125,5.03719103851274,3,34.0,0.21450574514434387,3,34.0
765.0,4,23.0,1.3529411764705883,5.543381045450017,4,39.0,0.30041456469378675,4,39.0
770.0,3,5.0,0.29411764705882354,6.021444105081535,2,19.0,0.40815865691583636,2,19.0
775.0,5,26.0,1.4444444444444444,7.252813990215393,5,41.0,0.3991039210277954,5,41.0
780.0,5,51.0,3.0,6.769271156771248,5,66.0,0.2587408045602172,5,66.0
785.0,8,81.0,5.4,4.328109861162885,8,96.0,0.15046147082363007,8,96.0
790.0,3,27.0,1.588235294117647,6.152637061620347,3,83.0,0.4474723189257029,3,83.0
795.0,0,0.0,0.0,7.414075962283411,0,30.0,0.4628915419801662,0,30.0
800.0,0,0.0,0.0,7.756178798473852,0,12.0,0.5115096098205625,0,12.0
805.0,4,11.0,0.55,6.1977375223165785,3,21.0,0.40126465581445897,3,21.0
810.0,7,36.0,1.894736842105263,4.726893406342819,7,48.0,0.14492567642234586,7,48.0
815.0,4,22.0,1.2941176470588236,4.5592556394924095,4,53.0,0.20693796500097048,4,53.0
820.0,4,22.0,1.1578947368421053,7.602950829069486,4,39.0,0.4573558317393142,4,39.0
825.0,1,3.0,0.16666666666666666,6.612399460898446,1,25.0,0.3813011724806842,1,25.0
830.0,6,23.0,1.2777777777777777,5.768594181093543,5,38.0,0.16617063401433702,5,38.0
835.0,1,1.0,0.06666666666666667,8.329231729140565,1,28.0,0.5086114472529706,1,28.0
840.0,1,6.0,0.4,8.655613193075789,1,6.0,0.49639408040175464,1,6.0
845.0,2,4.0,0.25,6.66934117512149,2,6.0,0.32022737342310736,2,6.0
850.0,3,18.0,1.0,7.1078848189336385,3,18.0,0.43662947258352786,3,18.0
855.0,4,35.0,1.6666666666666667,7.919150581725789,4,35.0,0.5108505395984239,4,35.0
860.0,8,65.0,3.4210526315789473,5.459263819987264,8,65.0,0.1958278737843011,8,65.0
865.0,4,21.0,1.1666666666666667,5.332033044305477,4,65.0,0.2765416763458904,4,65.0
870.0,3,15.0,0.8333333333333334,6.2081394708954,3,34.0,0.33669406196818413,3,34.0
875.0,1,3.0,0.16666666666666666,5.463530303257411,1,32.0,0.2822725248789548,1,32.0
880.0,4,20.0,1.1111111111111112,7.121648214543192,4,39.0,0.40078828629373786,4,39.0
885.0,5,42.0,2.3333333333333335,5.578921538340792,5,61.0,0.18954036688518647,5,61.0
890.0,1,3.0,0.15789473684210525,7.190886247733401,1,42.0,0.4555698322122176,1,42.0
895.0,3,18.0,0.8571428571428571,6.816561248453228,3,21.0,0.44466057707239026,3,21.0
900.0,6,12.0,0.5217391304347826,4.21380669936904,5,24.0,0.21875658531682504,5,24.0
905.0,8,45.0,1.9565217391304348,5.673181425643519,8,48.0,0.3153272739237255,8,48.0
910.0,6,29.0,1.0740740740740742,5.670009442672396,6,58.0,0.28499293726078834,6,58.0
915.0,10,63.0,2.423076923076923,5.064144571068278,10,72.0,0.2843950765867463,10,72.0
920.0,6,22.0,0.88,3.906594757821736,6,74.0,0.15855153916121936,6,74.0
925.0,3,11.0,0.4230769230769231,6.197491256155382,3,52.0,0.2309492447412974,3,52.0
930.0,6,17.0,0.7391304347826086,4.554857207772614,6,61.0,0.16174725762530767,6,61.0
935.0,8,43.0,1.9545454545454546,5.267856401995669,8,85.0,0.3285366570920005,8,85.0
940.0,4,19.0,0.8636363636363636,4.242892299174026,4,83.0,0.19123991012777877,4,83.0
945.0,6,22.0,1.0476190476190477,5.2670697492386775,6,81.0,0.21957287989526222,6,81.0
950.0,5,41.0,2.1578947368421053,4.753148879192969,5,83.0,0.20054372843128865,5,83.0
955.0,4,15.0,0.8823529411764706,3.6903566788900775,4,78.0,0.1151455576040638,4,78.0
960.0,7,39.0,2.4375,5.152812454551212,7,79.0,0.1915830066742027,7,79.0
965.0,2,2.0,0.11764705882352941,6.514887456195753,1,46.0,0.4473407283900862,1,46.0
970.0,4,13.0,0.7647058823529411,5.695163098611652,4,41.0,0.16099928265904653,4,41.0
975.0,4,13.0,0.7222222222222222,6.94876497962128,4,46.0,0.35536425465356986,4,46.0
980.0,5,36.0,2.4,5.726576832734224,5,56.0,0.2949752577040932,5,56.0
985.0,2,2.0,0.1111111111111111,6.049625296934758,1,18.0,0.3955268635297109,1,18.0
990.0,4,18.0,0.9,7.873417552592717,4,35.0,0.47441094491987523,4,35.0
995.0,4,27.0,1.4210526315789473,8.235614789064213,3,37.0,0.4836168917513007,3,37.0
1000.0,4,44.0,2.3157894736842106,7.557631571695583,4,44.0,0.39697082391232125,4,44.0
1005.0,1,1.0,0.05555555555555555,6.9004011364463995,1,27.0,0.38411267141453015,1,27.0
1010.0,4,14.0,0.6666666666666666,8.347226971389903,4,14.0,0.519606194024518,4,14.0
1015.0,7,44.0,2.3157894736842106,5.140938564697655,7,44.0,0.2061421984563202,7,44.0
1020.0,3,3.0,0.14285714285714285,5.74059105241953,2,29.0,0.31518027879427946,2,29.0
1025.0,6,22.0,1.1578947368421053,7.536672306991368,5,34.0,0.4011897889694928,5,34.0
1030.0,3,4.0,0.2222222222222222,5.650370766498481,3,39.0,0.2365255598564099,3,39.0
1035.0,8,31.0,1.7222222222222223,4.595248929617538,8,63.0,0.16577521398234918,8,63.0
1040.0,1,1.0,0.05263157894736842,7.076310094486862,0,40.0,0.5266776905209837,0,40.0
1045.0,3,7.0,0.3181818181818182,6.757570545421666,2,38.0,0.38810938455512034,2,38.0
1050.0,4,9.0,0.45,6.344416336782873,4,47.0,0.35876132903103,4,47.0
1055.0,10,44.0,2.588235294117647,2.478414009599134,10,79.0,0.03364222249735907,10,79.0
1060.0,2,8.0,0.5,4.568987556592842,2,59.0,0.25905457396844345,2,59.0
1065.0,2,8.0,0.4444444444444444,6.31702243243669,1,25.0,0.28859137867517226,1,25.0
1070.0,2,3.0,0.17647058823529413,7.785049001808547,2,21.0,0.4938698832238797,2,21.0
1075.0,5,21.0,1.3125,8.080797826011532,5,39.0,0.46677201097998283,5,39.0
1080.0,1,3.0,0.17647058823529413,7.460615510965521,1,20.0,0.5180696142050435,1,20.0
1085.0,2,10.0,0.5882352941176471,9.018306029991471,2,10.0,0.5946020125537352,2,10.0
1090.0,1,3.0,0.15789473684210525,8.362488811985683,1,3.0,0.5472769737644047,1,3.0
1095.0,5,23.0,1.15,6.48966582042131,5,23.0,0.36066047030672216,5,23.0
1100.0,0,0.0,0.0,4.136544657839007,0,21.0,0.26125334552930407,0,21.0
1105.0,1,4.0,0.21052631578947367,7.541399222607966,1,7.0,0.3836969906775544,1,7.0
1110.0,3,5.0,0.2631578947368421,6.950204644307547,3,8.0,0.39079731001698914,3,8.0
1115.0,7,30.0,1.875,5.0042145938035665,7,33.0,0.2873034671824069,7,33.0
1120.0,2,10.0,0.5882352941176471,3.6787399162204384,2,36.0,0.21700539164388294,2,36.0
1125.0,3,6.0,0.3,7.180461380502997,3,26.0,0.44269009356464384,3,26.0
1130.0,4,16.0,0.7619047619047619,5.493487622518681,4,37.0,0.3179787091514137,4,37.0
1135.0,11,54.0,2.5714285714285716,4.4598411506104405,11,74.0,0.19318327705501406,11,74.0
1140.0,4,17.0,0.85,5.049682727241081,3,64.0,0.2624777820241887,3,64.0
1145.0,3,10.0,0.5263157894736842,4.925906207176067,3,36.0,0.1787890213489214,3,36.0
1150.0,2,3.0,0.15,5.801925550129985,2,39.0,0.31271383731817914,2,39.0
1155.0,6,25.0,1.3888888888888888,4.980568156394219,6,55.0,0.262682936612493,6,55.0
1160.0,5,11.0,0.5238095238095238,5.068240503874867,4,45.0,0.2865777553993087,4,45.0
1165.0,2,8.0,0.4,7.025177772122642,2,34.0,0.33946611537289045,2,34.0
1170.0,5,13.0,0.65,5.623916107979763,5,43.0,0.23179306026145638,5,43.0
1175.0,8,49.0,2.7222222222222223,7.003810764472863,8,75.0,0.3799622271276423,8,75.0
1180.0,3,20.0,0.9523809523809523,5.1128673626382,3,66.0,0.36461562105010964,3,66.0
1185.0,6,14.0,0.6086956521739131,5.690090929751549,6,75.0,0.26827246237801383,6,75.0
1190.0,6,25.0,1.0869565217391304,4.133077856721706,6,100.0,0.14460598674028527,6,100.0
1195.0,11,67.0,3.0454545454545454,4.377791969779603,10,133.0,0.17684426014054688,10,133.0
1200.0,7,54.0,2.8421052631578947,3.310306703336052,6,131.0,0.1631432159913375,6,131.0
1205.0,3,15.0,0.75,6.586482465181936,3,95.0,0.27862354543310347,3,95.0
1210.0,2,3.0,0.16666666666666666,6.235733820998593,2,86.0,0.27157861886012435,2,86.0
1215.0,7,30.0,1.875,3.4114916943276943,7,108.0,0.16318571047772126,7,108.0
1220.0,10,78.0,4.875,3.5235524069085824,10,156.0,0.19872388469975658,10,156.0
1225.0,8,48.0,2.823529411764706,2.2749993291866186,7,135.0,0.08714435535756138,7,135.0
1230.0,1,6.0,0.3157894736842105,6.631603687349043,1,111.0,0.36194083523552806,1,111.0
1235.0,3,7.0,0.35,6.112540439220671,3,112.0,0.3617504067637934,3,112.0
1240.0,7,38.0,1.9,3.0176536665738274,7,143.0,0.12581034478606554,7,143.0
1245.0,5,21.0,0.9545454545454546,5.140425040463864,4,121.0,0.29194211074198584,4,121.0
1250.0,1,6.0,0.25,8.39638508499946,0,62.0,0.5685341186361037,0,62.0
1255.0,1,1.0,0.045454545454545456,8.123487386671721,1,41.0,0.528781247498973,1,41.0
1260.0,1,5.0,0.2777777777777778,7.567516857158962,1,13.0,0.3526725183942781,1,13.0
1265.0,2,2.0,0.125,6.089089283502224,2,13.0,0.27021558526699285,2,13.0
1270.0,5,22.0,1.4666666666666666,6.713203930186124,5,30.0,0.36537614845519933,5,30.0
1275.0,0,0.0,0.0,5.495457841359186,0,18.0,0.3575184999833392,0,18.0
1280.0,2,7.0,0.3888888888888889,8.392378459479039,2,17.0,0.587259705233949,2,17.0
1285.0,3,10.0,0.5,6.3924204342135456,3,22.0,0.3590615941522109,3,22.0
1290.0,8,46.0,2.4210526315789473,4.8164233277037996,8,56.0,0.30135692615655996,8,56.0
1295.0,3,11.0,0.4782608695652174,4.778055443799067,2,39.0,0.29335055402693255,2,39.0
1300.0,5,16.0,0.6956521739130435,6.679204257029445,5,35.0,0.34518454828155365,5,35.0
1305.0,4,7.0,0.3181818181818182,4.324218718202894,3,38.0,0.1880251110413163,3,38.0
1310.0,7,34.0,1.36,4.815071732686516,7,59.0,0.28679777513806803,7,59.0
1315.0,3,4.0,0.14814814814814814,6.696311598540088,2,36.0,0.4457601496362384,2,36.0
1320.0,7,21.0,0.7,5.773692279724935,7,31.0,0.2521322466641397,7,31.0
1325.0,6,19.0,0.7307692307692307,3.9664810214578208,6,50.0,0.14801513433358715,6,50.0
1330.0,12,57.0,2.4782608695652173,2.943135297099182,12,74.0,0.06413208372723828,12,74.0
1335.0,9,44.0,1.8333333333333333,4.372470695961811,8,93.0,0.24351719005648811,8,93.0
1340.0,5,22.0,0.8461538461538461,4.466030857668111,5,91.0,0.17700409197821462,5,91.0
1345.0,5,13.0,0.5,5.481086364893316,4,95.0,0.30371612521516106,4,95.0
1350.0,11,52.0,1.8571428571428572,4.149215511568604,11,129.0,0.2132328488125829,11,129.0
1355.0,8,39.0,1.3448275862068966,3.5173818624181896,7,133.0,0.17712862961309508,7,133.0
1360.0,9,32.0,1.1428571428571428,4.988778208152488,8,130.0,0.2008123904884437,8,130.0
1365.0,6,15.0,0.625,3.605513542516892,5,137.0,0.15853174137062795,5,137.0
1370.0,14,57.0,2.1923076923076925,2.54330236091469,14,186.0,0.08744537203129468,14,186.0
1375.0,10,53.0,2.0384615384615383,3.8543888326651774,9,187.0,0.2035565368826519,9,187.0
1380.0,5,37.0,1.3703703703703705,6.070620878360313,4,156.0,0.306734079253869,4,156.0
1385.0,5,53.0,2.0384615384615383,5.920437207779075,5,150.0,0.27515543719950697,5,150.0
1390.0,10,38.0,1.52,4.3301406079386515,10,165.0,0.1798997913548863,10,165.0
1395.0,11,85.0,3.6956521739130435,3.823848647424803,11,167.0,0.14176718506956004,11,167.0
1400.0,7,43.0,1.7916666666666667,3.4486445589040327,7,156.0,0.16994239073835907,7,156.0
1405.0,2,10.0,0.38461538461538464,6.678146922376933,2,107.0,0.3917950355496858,2,107.0
1410.0,3,5.0,0.18518518518518517,5.623573869040201,3,98.0,0.2663078953036276,3,98.0
1415.0,9,40.0,1.7391304347826086,3.784811342428204,9,133.0,0.13143438415705092,9,133.0
1420.0,9,25.0,1.1904761904761905,3.190737150836482,8,110.0,0.11992703571955174,8,110.0
1425.0,3,8.0,0.36363636363636365,5.793450752989751,2,100.0,0.276354491866771,2,100.0
1430.0,2,12.0,0.5454545454545454,5.637171585479958,1,74.0,0.3209926758898869,1,74.0
1435.0,1,16.0,0.7272727272727273,5.818293361449887,1,64.0,0.25644747909594284,1,64.0
1440.0,4,15.0,0.6818181818181818,6.19989981219706,4,65.0,0.3660499567356822,4,65.0
1445.0,10,51.0,2.125,3.839327947356608,10,99.0,0.15219189629955301,10,99.0
1450.0,7,28.0,1.037037037037037,5.372479791835231,6,97.0,0.32436109476224884,6,97.0
1455.0,4,12.0,0.4444444444444444,6.138963896239196,4,83.0,0.29385876654502885,4,83.0
1460.0,3,16.0,0.6956521739130435,4.990423567425415,3,72.0,0.16568536123715152,3,72.0
1465.0,6,38.0,1.8095238095238095,4.1947458283387835,5,74.0,0.18014501528730367,5,74.0
1470.0,4,7.0,0.35,5.2855297872396685,3,74.0,0.30069665027372317,3,74.0
1475.0,5,20.0,1.1764705882352942,4.189884556378638,5,66.0,0.11244615578204903,5,66.0
1480.0,4,9.0,0.47368421052631576,5.691782009584892,3,55.0,0.2897849720435058,3,55.0
1485.0,1,6.0,0.3157894736842105,6.794286719677394,1,64.0,0.36502511284838324,1,64.0
1490.0,3,14.0,0.7,6.318129551554659,3,56.0,0.37382657952232007,3,56.0
1495.0,2,4.0,0.19047619047619047,5.41776589876697,2,50.0,0.250617713693773,2,50.0
1500.0,6,24.0,1.2,6.032902618773622,6,67.0,0.24700191619824086,6,67.0
1505.0,8,59.0,3.1052631578947367,5.322600652060766,8,102.0,0.19482691868426447,8,102.0
1510.0,6,44.0,2.933333333333333,3.8106809858304773,6,98.0,0.11210621173222464,6,98.0
1515.0,2,11.0,0.7333333333333333,5.401535459910076,2,67.0,0.14357430015159808,2,67.0
1520.0,1,12.0,0.8571428571428571,5.315745896949605,1,57.0,0.26189334125054975,1,57.0
1525.0,1,17.0,1.1333333333333333,7.574941441764042,1,37.0,0.4555206185799598,1,37.0
1530.0,1,22.0,1.375,7.324856892244256,1,26.0,0.49691594914365206,1,26.0
1535.0,1,2.0,0.1111111111111111,7.3864994502589845,1,6.0,0.49401339199270167,1,6.0
1540.0,6,19.0,1.0,5.194719275260111,6,23.0,0.3025086267624917,6,23.0
1545.0,6,18.0,0.9473684210526315,4.840951453704388,6,36.0,0.2919236588269629,6,36.0
1550.0,3,13.0,0.5652173913043478,5.014244138979731,3,50.0,0.2759480803155136,3,50.0
1555.0,3,28.0,1.2173913043478262,7.514107139099608,3,50.0,0.4586894508387807,3,50.0
1560.0,4,5.0,0.23809523809523808,4.341735726951979,4,39.0,0.2005711149445324,4,39.0
1565.0,7,31.0,1.4090909090909092,5.579557513035775,7,55.0,0.3180178366114332,7,55.0
1570.0,3,13.0,0.6190476190476191,4.827279808557891,3,46.0,0.20544054130856976,3,46.0
1575.0,6,30.0,1.5,5.654087790730506,6,57.0,0.2845077763400556,6,57.0
1580.0,6,60.0,2.727272727272727,6.232856409994272,6,62.0,0.33292910218647925,6,62.0
1585.0,6,90.0,4.5,7.13152354138153,6,92.0,0.38886044212134635,6,92.0
1590.0,3,19.0,0.95,4.6092014997714434,3,75.0,0.19355151382169186,3,75.0
1595.0,4,19.0,1.0,5.431040950378105,4,40.0,0.29166787409145406,4,40.0
1600.0,2,4.0,0.2222222222222222,5.070823582469594,2,32.0,0.2040628609955936,2,32.0
1605.0,7,30.0,1.7647058823529411,5.538858168530792,7,51.0,0.15727173499674513,7,51.0
1610.0,2,11.0,0.6470588235294118,6.942706483367702,2,39.0,0.3567133201447171,2,39.0
1615.0,2,15.0,0.9375,8.376984388367656,2,18.0,0.5365286335121009,2,18.0
1620.0,3,6.0,0.3333333333333333,7.087283623385912,3,18.0,0.41634400112801445,3,18.0
1625.0,4,23.0,1.5333333333333334,7.03750518662659,4,30.0,0.34993974193804245,4,30.0
1630.0,3,4.0,0.2857142857142857,4.003143377794553,3,27.0,0.15325558466025485,3,27.0
1635.0,3,16.0,1.0,6.925442498902866,3,22.0,0.4384630157974336,3,22.0
1640.0,3,6.0,0.4,5.718393160550314,2,7.0,0.20947884578392378,2,7.0
1645.0,6,28.0,2.0,6.5649594698634175,6,30.0,0.32636418293433667,6,30.0
1650.0,6,58.0,3.411764705882353,7.192688334591194,6,60.0,0.43681387614101097,6,60.0
1655.0,2,13.0,0.6842105263157895,5.472274424559622,2,49.0,0.3893502181276415,2,49.0
1660.0,6,21.0,1.1666666666666667,4.725580884204438,6,33.0,0.1823331815105589,6,33.0
1665.0,3,5.0,0.29411764705882354,5.166730389907494,3,35.0,0.09097553500386596,3,35.0
1670.0,2,9.0,0.5625,8.545300686101,2,24.0,0.5009375103555016,2,24.0
1675.0,2,19.0,1.1875,9.637766584682925,2,31.0,0.6576009356320134,2,31.0
1680.0,3,29.0,2.230769230769231,8.775980485426697,3,41.0,0.5247612431288484,3,41.0
1685.0,2,6.0,0.5454545454545454,7.330088936831924,2,22.0,0.4596368472972286,2,22.0
1690.0,5,21.0,1.6153846153846154,7.265641482820418,5,21.0,0.43174609952894116,5,21.0
1695.0,1,1.0,0.08333333333333333,6.277096909643944,0,4.0,0.356922440990093,0,4.0
1700.0,3,14.0,1.1666666666666667,6.6652325278813604,3,14.0,0.16660212521068046,3,14.0
1705.0,1,4.0,0.3333333333333333,6.772010554642851,1,11.0,0.4326067566855259,1,11.0
1710.0,1,9.0,0.75,9.394031116933627,1,9.0,0.5967254324913316,1,9.0
1715.0,1,1.0,0.09090909090909091,4.985984436352509,1,6.0,0.22752789917016472,1,6.0
1720.0,3,15.0,1.5,8.101204153493898,3,15.0,0.39160288433515594,3,15.0
1725.0,0,0.0,0.0,7.100341844232235,0,8.0,0.43347790576344586,0,8.0
1730.0,1,4.0,0.4,9.981543729764159,1,4.0,0.7315310045939118,1,4.0
1735.0,2,2.0,0.2,9.111921882633364,1,1.0,0.6891328385413186,1,1.0
1740.0,2,9.0,0.9,5.874832523933072,2,9.0,0.37694845253860504,2,9.0
1745.0,1,2.0,0.2,7.960575569808894,1,12.0,0.44649612904626,1,12.0
1750.0,0,0.0,0.0,7.427168867315655,0,2.0,0.4459134167358669,0,2.0
1755.0,1,2.0,0.18181818181818182,8.301440648889693,1,4.0,0.5778097879081991,1,4.0
1760.0,3,11.0,0.7857142857142857,8.220275303807759,3,13.0,0.5257251040282869,3,13.0
1765.0,4,30.0,1.7647058823529411,8.282197108733165,4,32.0,0.522176029222322,4,32.0
1770.0,4,16.0,1.0,4.018126915158949,3,36.0,0.19490466701010226,3,36.0
1775.0,4,16.0,0.8888888888888888,4.878237084090178,4,41.0,0.21821992561216969,4,41.0
1780.0,2,2.0,0.1111111111111111,5.072331777852823,1,33.0,0.23669707823557917,1,33.0
1785.0,5,20.0,1.1764705882352942,6.436565033770568,5,45.0,0.30178217071987945,5,45.0
1790.0,6,18.0,1.2857142857142858,4.236429106437762,5,48.0,0.20481885448128576,5,48.0
1795.0,3,12.0,0.8,4.282048250366548,3,49.0,0.22787794241646273,3,49.0
1800.0,0,0.0,0.0,4.400960822793234,0,44.0,0.222033220355857,0,44.0
1805.0,5,18.0,1.2857142857142858,4.675726975688114,5,55.0,0.1995409821333458,5,55.0
1810.0,4,15.0,0.9375,6.1913163198887915,4,53.0,0.3494590969801475,4,53.0
1815.0,3,13.0,0.7647058823529411,6.695518089278018,3,39.0,0.41201480584711975,3,39.0
1820.0,2,4.0,0.23529411764705882,5.951378195258148,2,38.0,0.34742394358204504,2,38.0
1825.0,4,20.0,1.1764705882352942,5.631551944089929,4,46.0,0.26960739147896345,4,46.0
1830.0,5,41.0,2.7333333333333334,7.357240159074365,5,67.0,0.3203227403445571,5,67.0
1835.0,2,18.0,1.3846153846153846,5.508138852322361,2,60.0,0.24281876378982398,2,60.0
1840.0,2,9.0,0.6923076923076923,7.801922142056025,2,28.0,0.5041711266253801,2,28.0
1845.0,4,11.0,1.0,4.211909232277969,4,30.0,0.05266734587083582,4,30.0
1850.0,7,39.0,3.25,4.685578993931318,7,58.0,0.17078371939529358,7,58.0
1855.0,0,0.0,0.0,5.713515909258806,0,42.0,0.3794497073411637,0,42.0
1860.0,3,6.0,0.35294117647058826,7.464103916673215,3,24.0,0.5293523121531961,3,24.0
1865.0,5,8.0,0.42105263157894735,6.423734398148878,4,30.0,0.4045927036051054,4,30.0
1870.0,7,33.0,1.736842105263158,6.037667870701376,7,57.0,0.2940807360111003,7,57.0
1875.0,2,14.0,0.7777777777777778,4.954548147746128,2,55.0,0.24740015163045853,2,55.0
1880.0,2,8.0,0.4,7.286016881840661,2,35.0,0.46628075157484744,2,35.0
1885.0,4,10.0,0.5555555555555556,4.937805789353897,4,37.0,0.24136330373264658,4,37.0
1890.0,8,42.0,2.0,5.583459882678893,8,69.0,0.32688147789072974,8,69.0
1895.0,4,24.0,1.0909090909090908,6.597472173053783,4,70.0,0.4033260988106672,4,70.0
1900.0,3,13.0,0.5909090909090909,6.130835669269805,3,39.0,0.31244238493168586,3,39.0
1905.0,4,7.0,0.28,5.017476513747528,3,41.0,0.23788020554441158,3,41.0
1910.0,5,28.0,1.12,5.69808175531508,5,57.0,0.31640075309335997,5,57.0
1915.0,9,33.0,1.2692307692307692,4.658246963878428,9,70.0,0.24454958705245433,9,70.0
1920.0,6,40.0,1.6666666666666667,5.492595485056207,6,73.0,0.26211684889010944,6,73.0
1925.0,6,17.0,0.7727272727272727,4.753022860609208,5,64.0,0.13088793001778753,5,64.0
1930.0,8,30.0,1.4285714285714286,5.597417223245081,8,82.0,0.22089452623357064,8,82.0
1935.0,5,26.0,1.5294117647058822,4.556354200700773,5,93.0,0.24225938581522113,5,93.0
1940.0,6,37.0,2.0555555555555554,6.040123985444097,6,85.0,0.19639774857662398,6,85.0
1945.0,3,15.0,0.7894736842105263,5.498677984995985,3,82.0,0.299640259303017,3,82.0
1950.0,3,13.0,0.7222222222222222,5.853408654778734,2,71.0,0.2801527449523591,2,71.0
1955.0,1,1.0,0.05263157894736842,7.3432804805968575,1,55.0,0.45914087064192355,1,55.0
1960.0,5,18.0,0.9,4.591571819371678,5,51.0,0.15944726132761872,5,51.0
1965.0,4,11.0,0.55,5.319908567273383,3,41.0,0.373925012493325,3,41.0
1970.0,3,6.0,0.3157894736842105,7.594332655827645,3,34.0,0.3772446156049606,3,34.0
1975.0,3,17.0,0.9444444444444444,5.605711909976772,3,34.0,0.14508584300096147,3,34.0
1980.0,2,6.0,0.46153846153846156,5.986368710619146,2,25.0,0.1856437372121508,2,25.0
1985.0,6,26.0,2.1666666666666665,5.505636328631169,6,45.0,0.19634418378075977,6,45.0
1990.0,2,11.0,0.9166666666666666,5.771775560123349,2,35.0,0.456018369450385,2,35.0
1995.0,1,1.0,0.06666666666666667,9.460070388023189,1,26.0,0.6417123457942215,1,26.0
2000.0,1,1.0,0.06666666666666667,8.51843817353043,1,16.0,0.5239327263266584,1,16.0
2005.0,4,10.0,0.7142857142857143,6.485922182022457,4,26.0,0.31586129357094467,4,26.0
2010.0,5,34.0,2.8333333333333335,4.816676341396499,5,49.0,0.15541843483905998,5,49.0
2015.0,2,6.0,0.4,6.284788131694772,1,40.0,0.4693309929929768,1,40.0
2020.0,2,4.0,0.21052631578947367,9.065056764567197,2,21.0,0.5968155062156912,2,21.0
2025.0,5,15.0,0.7894736842105263,5.635886102513749,5,33.0,0.31748923956460723,5,33.0
2030.0,8,51.0,3.0,4.7864936624334815,8,68.0,0.2613285751097436,8,68.0
2035.0,2,3.0,0.15789473684210525,5.037129052390524,1,44.0,0.3061373295704324,1,44.0
2040.0,2,9.0,0.45,7.86809369160696,1,16.0,0.5104008322919862,1,16.0
2045.0,4,8.0,0.4,4.991383475718261,3,16.0,0.23040455518758607,3,16.0
2050.0,6,32.0,1.6842105263157894,4.871236943545661,6,41.0,0.2598573346266129,6,41.0
2055.0,2,4.0,0.18181818181818182,5.103760412204682,2,20.0,0.3363852471643415,2,20.0
2060.0,5,24.0,1.0434782608695652,5.658205012658912,4,27.0,0.31355664228565544,4,27.0
2065.0,5,10.0,0.45454545454545453,5.2645655271649145,5,34.0,0.19445027434662088,5,34.0
2070.0,9,43.0,2.0476190476190474,5.635066798839191,9,56.0,0.2444991991279815,9,56.0
2075.0,2,3.0,0.15789473684210525,4.904416365084257,1,43.0,0.19737001891704678,1,43.0
2080.0,3,9.0,0.45,7.679781781414029,3,18.0,0.400962180787671,3,18.0
2085.0,3,10.0,0.5882352941176471,7.458166716134851,3,18.0,0.3529610814294936,3,18.0
2090.0,7,37.0,2.642857142857143,4.972895753732048,7,45.0,0.16337687050255684,7,45.0
2095.0,1,1.0,0.0625,8.076586760196168,0,23.0,0.6188317787663976,0,23.0
2100.0,1,1.0,0.05263157894736842,10.606019315857187,1,6.0,0.8076560198581076,1,6.0
2105.0,3,8.0,0.47058823529411764,6.646645391122931,3,13.0,0.3727757990600038,3,13.0
2110.0,9,39.0,2.1666666666666665,4.722909151125045,9,44.0,0.21787890218969777,9,44.0
2115.0,4,9.0,0.5294117647058824,4.575184677420714,3,34.0,0.2968738426234155,3,34.0
2120.0,3,11.0,0.55,5.59306197890671,3,23.0,0.31689690310514457,3,23.0
2125.0,6,18.0,0.9,6.262969643168666,6,37.0,0.3027639863410484,6,37.0
2130.0,7,50.0,2.7777777777777777,7.125968035618939,7,62.0,0.36338075506047596,7,62.0
2135.0,3,13.0,0.5652173913043478,5.86959579113736,3,52.0,0.4095024499002378,3,52.0
2140.0,4,15.0,0.6521739130434783,6.063055225924299,4,42.0,0.3540054555875593,4,42.0
2145.0,5,17.0,0.85,4.488080030880826,5,58.0,0.15057729737865783,5,58.0
2150.0,7,36.0,1.7142857142857142,4.591493183552485,7,75.0,0.20060743388615163,7,75.0
2155.0,4,17.0,0.6538461538461539,5.151882297165073,4,60.0,0.3255112801213009,4,60.0
2160.0,4,22.0,0.8461538461538461,5.367768099462097,4,62.0,0.32497343953522123,4,62.0
2165.0,7,46.0,1.84,4.347085135346843,6,72.0,0.18345630148926004,6,72.0
2170.0,5,23.0,1.0,3.7643154430957027,5,72.0,0.1355917006248631,5,72.0
2175.0,5,23.0,0.9583333333333334,4.999263479560484,5,61.0,0.24312052544482413,5,61.0
2180.0,4,11.0,0.5,4.143497863454361,4,61.0,0.20957495610394286,4,61.0
2185.0,5,19.0,0.8636363636363636,4.29143414041015,5,64.0,0.19196517553511344,5,64.0
2190.0,6,13.0,0.5909090909090909,4.385411176541753,5,63.0,0.2278391971526075,5,63.0
2195.0,7,37.0,1.6818181818181819,5.6400250845093,7,66.0,0.3153390564694217,7,66.0
2200.0,5,27.0,1.2857142857142858,3.5021777510612444,4,69.0,0.14847726701677216,4,69.0
2205.0,6,24.0,1.1428571428571428,5.160215444055758,5,55.0,0.19527345473508165,5,55.0
2210.0,2,21.0,1.105263157894737,6.930285290562103,2,61.0,0.3125415385754845,2,61.0
2215.0,6,18.0,1.125,4.365907248103017,6,69.0,0.1171175754474353,6,69.0
2220.0,8,53.0,3.3125,4.921096610744261,8,92.0,0.23732500517183877,8,92.0
2225.0,8,93.0,5.8125,3.243742517717661,8,132.0,0.15582056140496237,8,132.0
2230.0,5,30.0,1.6666666666666667,3.677990845426652,5,114.0,0.2008026943712808,5,114.0
2235.0,2,5.0,0.2777777777777778,4.432982526030232,1,55.0,0.17309406357122903,1,55.0
2240.0,2,12.0,0.6,3.983576205983862,2,64.0,0.2429100249002928,2,64.0
2245.0,3,23.0,1.0952380952380953,6.674802896698624,3,43.0,0.3919675300741796,3,43.0
2250.0,5,18.0,0.9,4.535582052747054,5,38.0,0.21645277661413656,5,38.0
2255.0,10,61.0,3.05,4.527417718088502,10,81.0,0.22123514295779573,10,81.0
2260.0,3,16.0,0.7619047619047619,3.6798074167575714,2,73.0,0.17591558245349265,2,73.0
2265.0,4,11.0,0.4782608695652174,6.202719062078351,4,49.0,0.3465219102717309,4,49.0
2270.0,4,26.0,1.04,6.668382447797864,4,42.0,0.3764458663900304,4,42.0
2275.0,6,52.0,2.1666666666666665,5.532590606041661,5,58.0,0.2736555523534767,5,58.0
2280.0,6,80.0,3.4782608695652173,4.9124720194753335,6,80.0,0.2325243742449786,6,80.0
2285.0,7,112.0,5.090909090909091,4.712044704533478,6,110.0,0.21256129827531675,6,110.0
2290.0,8,144.0,5.538461538461538,4.838095091819983,8,145.0,0.24534640263351976,8,145.0
2295.0,8,184.0,7.076923076923077,5.449983055248884,8,184.0,0.30578401864858173,8,184.0
2300.0,11,229.0,8.807692307692308,4.205520943513572,10,228.0,0.19088285550227196,10,228.0
2305.0,16,298.0,12.416666666666666,2.7999946312262076,15,292.0,0.017489837975254836,15,292.0
2310.0,7,85.0,3.4,4.20529734114139,7,261.0,0.20093299136121526,7,261.0
2315.0,6,12.0,0.46153846153846156,3.7625926215711205,6,211.0,0.1873479885717615,6,211.0
2320.0,6,24.0,0.8888888888888888,5.139133234432581,6,226.0,0.25729517441568384,6,226.0
2325.0,11,70.0,2.5,5.63907332937278,11,250.0,0.27682838529267806,11,250.0
2330.0,13,131.0,4.678571428571429,5.335069237969813,13,311.0,0.22100480745913528,13,311.0
2335.0,9,92.0,3.68,4.480569003136531,9,268.0,0.20321791344823206,9,268.0
2340.0,5,17.0,0.7083333333333334,4.785217179728851,5,156.0,0.19449317541113093,5,156.0
2345.0,3,10.0,0.37037037037037035,5.1671932952019795,3,156.0,0.28435297116542363,3,156.0
2350.0,9,46.0,1.7692307692307692,6.005044747279002,9,186.0,0.3474699748021767,9,186.0
2355.0,7,29.0,1.0357142857142858,4.383753850500975,7,158.0,0.18538116355194476,7,158.0
2360.0,9,43.0,1.6538461538461537,5.275499274401099,9,89.0,0.23358084028808695,9,89.0
2365.0,7,12.0,0.5217391304347826,3.8100316079202403,6,94.0,0.12649142496316282,6,94.0
2370.0,7,39.0,1.6956521739130435,5.33164913579825,7,102.0,0.22885175962973142,7,102.0
2375.0,8,23.0,1.0454545454545454,4.04279323084851,8,92.0,0.13116165094118407,8,92.0
2380.0,6,37.0,1.7619047619047619,5.579084306071301,6,66.0,0.31473535164281247,6,66.0
2385.0,3,6.0,0.2857142857142857,5.069667118418892,3,41.0,0.28145657973824695,3,41.0
2390.0,5,26.0,1.1818181818181819,6.192499854072704,4,42.0,0.2706645154455058,4,42.0
2395.0,6,48.0,2.4,5.136040436248788,5,58.0,0.26950193842781683,5,58.0
2400.0,3,6.0,0.3,4.79885113303308,3,37.0,0.15411710494723352,3,37.0
2405.0,5,25.0,1.25,6.3695204397013585,5,29.0,0.3532370620695124,5,29.0
2410.0,4,9.0,0.42857142857142855,5.612314764212527,4,37.0,0.28054964334769916,4,37.0
2415.0,2,10.0,0.47619047619047616,7.124278009881029,2,24.0,0.38937479306993233,2,24.0
2420.0,4,7.0,0.4117647058823529,5.354977379738443,4,21.0,0.25842117446400614,4,21.0
2425.0,10,42.0,2.4705882352941178,4.245380391758654,10,54.0,0.13219030924395614,10,54.0
2430.0,4,19.0,1.1875,4.558763031832592,3,55.0,0.30107972945989503,3,55.0
2435.0,2,4.0,0.21052631578947367,7.996696414491098,1,36.0,0.5742030036105107,1,36.0
2440.0,2,7.0,0.3684210526315789,6.6624953376093545,2,40.0,0.36318279629385164,2,40.0
2445.0,6,29.0,1.5263157894736843,4.93031702362386,6,62.0,0.20018434751639363,6,62.0
2450.0,3,7.0,0.4117647058823529,5.439656889016034,2,36.0,0.40400831237092066,2,36.0
2455.0,1,1.0,0.05,7.915832139486139,1,25.0,0.42652458013347566,1,25.0
2460.0,5,18.0,0.9,7.094518947697871,5,42.0,0.42210578666016724,5,42.0
2465.0,7,48.0,2.4,5.246495894187377,7,72.0,0.30936806621306856,7,72.0
2470.0,2,5.0,0.21739130434782608,5.3965752626031405,1,45.0,0.36983052711611847,1,45.0
2475.0,3,5.0,0.22727272727272727,5.507683039445195,3,41.0,0.2542660760460535,3,41.0
2480.0,3,11.0,0.4782608695652174,5.990639106933015,3,31.0,0.25246994929698424,3,31.0
2485.0,4,27.0,1.173913043478261,6.204199423871446,3,30.0,0.36471007099390224,3,30.0
2490.0,3,41.0,1.9523809523809523,6.293147532596774,3,41.0,0.28766356280731686,3,41.0
2495.0,5,60.0,3.1578947368421053,5.502299535770652,5,60.0,0.2135844940505592,5,60.0
2500.0,2,7.0,0.4375,5.569269109450784,2,34.0,0.21475535158101336,2,34.0
2505.0,6,31.0,1.9375,5.700040590202237,6,31.0,0.26804292247611494,6,31.0
2510.0,2,10.0,0.625,5.3785864471662705,2,33.0,0.21919569973037842,2,33.0
2515.0,0,0.0,0.0,8.107798736985375,0,14.0,0.4747932885985804,0,14.0
2520.0,1,5.0,0.35714285714285715,8.786101767488072,1,8.0,0.5789151212452195,1,8.0
2525.0,3,15.0,1.25,8.38092643814127,3,15.0,0.3885015704882633,3,15.0
2530.0,4,30.0,3.0,6.526169498699302,4,30.0,0.19797502885435536,4,30.0
2535.0,3,45.0,5.625,7.003566967514137,3,45.0,0.37195746570009325,3,45.0
2540.0,1,1.0,0.16666666666666666,3.4623111376922737,0,32.0,0.24627204407268682,0,32.0
2545.0,1,3.0,0.3333333333333333,7.790107022475094,1,18.0,0.511591536544334,1,18.0
2550.0,2,3.0,0.2727272727272727,8.818451224803754,2,18.0,0.6064019129770197,2,18.0
2555.0,4,17.0,1.3076923076923077,6.620050769510578,4,32.0,0.33005619019295696,4,32.0
2560.0,0,0.0,0.0,7.371524543154083,0,16.0,0.5324237365160966,0,16.0
2565.0,3,10.0,0.7142857142857143,6.735664510028482,3,10.0,0.31140475693812775,3,10.0
2570.0,1,1.0,0.07142857142857142,7.6749514399777174,1,5.0,0.4982208398829457,1,5.0
2575.0,2,7.0,0.5,9.699923327091158,2,7.0,0.6316649608487143,2,7.0
2580.0,2,17.0,1.3076923076923077,7.971410747007864,2,17.0,0.4021804258907495,2,17.0
2585.0,0,0.0,0.0,8.116714911659745,0,2.0,0.49547529040434685,0,2.0
2590.0,2,10.0,0.8333333333333334,8.92973858477003,2,10.0,0.57006267527529,2,10.0
2595.0,0,0.0,0.0,9.56900949424684,0,0.0,0.7200334715606237,0,0.0
2600.0,1,3.0,0.25,9.588822873082796,1,3.0,0.6512322977943196,1,3.0
2605.0,1,8.0,0.7272727272727273,10.543710724390069,1,8.0,0.7247050677627568,1,8.0
2610.0,3,5.0,0.5,5.644151944447744,3,5.0,0.37074786719559605,3,5.0
2615.0,5,25.0,2.7777777777777777,4.593994918288477,5,25.0,0.15597968668640694,5,25.0
2620.0,1,1.0,0.1111111111111111,5.884841549429869,0,4.0,0.33352430004935835,0,4.0
2625.0,0,0.0,0.0,10.638909560336987,0,7.0,0.7699857504546093,0,7.0
2630.0,1,2.0,0.18181818181818182,8.675410820232655,1,9.0,0.4969025927612797,1,9.0
2635.0,6,19.0,1.4615384615384615,3.9128390207145105,6,26.0,0.2319277485570854,6,26.0
2640.0,0,0.0,0.0,5.246253502888888,0,14.0,0.4205780272559721,0,14.0
2645.0,2,4.0,0.25,6.8898281381934785,1,10.0,0.36467642874262624,1,10.0
2650.0,5,16.0,1.0666666666666667,5.69309828969088,5,25.0,0.2554757347748876,5,25.0
2655.0,5,41.0,2.7333333333333334,5.673928075935086,5,48.0,0.2805570565651511,5,48.0
2660.0,1,1.0,0.07142857142857142,6.366646171424242,1,26.0,0.37230818595208937,1,26.0
2665.0,3,11.0,0.7857142857142857,6.4232365420205175,3,12.0,0.30619531220801205,3,12.0
2670.0,3,26.0,1.8571428571428572,5.655925547467694,3,27.0,0.20410911880535715,3,27.0
2675.0,5,45.0,4.090909090909091,6.043370897176937,5,45.0,0.36899174498937765,5,45.0
2680.0,3,9.0,0.6923076923076923,4.818653053014591,3,31.0,0.2652644538685018,3,31.0
2685.0,2,11.0,0.7857142857142857,6.7710809267231395,2,20.0,0.4309819262293836,2,20.0
2690.0,2,3.0,0.21428571428571427,5.87334107104447,2,20.0,0.39889255135300977,2,20.0
2695.0,5,24.0,1.5,6.231195666677149,5,33.0,0.4032468126739559,5,33.0
2700.0,5,49.0,2.45,7.819938939277568,5,58.0,0.512938627429684,5,58.0
2705.0,2,13.0,0.6190476190476191,6.9879126167514,2,44.0,0.4205991280174816,2,44.0
2710.0,4,15.0,0.6818181818181818,5.621461886343908,4,26.0,0.27734988141471373,4,26.0
2715.0,1,2.0,0.09523809523809523,6.401156139946338,1,28.0,0.3699244305482733,1,28.0
2720.0,4,15.0,0.7894736842105263,6.530853443919515,4,30.0,0.3711545155319557,4,30.0
2725.0,4,12.0,0.5454545454545454,6.494804134087334,4,30.0,0.3711638659071812,4,30.0
2730.0,8,37.0,1.85,4.983038374853226,8,47.0,0.26595139868751183,8,47.0
2735.0,4,11.0,0.5,5.004105508933186,4,48.0,0.2820713282213236,4,48.0
2740.0,1,6.0,0.2857142857142857,6.412484728010255,1,31.0,0.32293760024666096,1,31.0
2745.0,2,14.0,0.7777777777777778,7.637626450185034,2,23.0,0.31066350089131545,2,23.0
2750.0,3,24.0,1.7142857142857142,6.075360756418995,3,30.0,0.03362740632998941,3,30.0
2755.0,1,1.0,0.07142857142857142,8.21648802418069,1,4.0,0.45453203286651356,1,4.0
2760.0,1,6.0,0.5,11.362836996377238,1,5.0,0.82375925017378,1,5.0
2765.0,1,2.0,0.18181818181818182,6.903706708511269,1,2.0,0.44361494060409035,1,2.0
2770.0,3,15.0,1.25,7.159871829294631,3,15.0,0.34467988258852483,3,15.0
2775.0,4,34.0,2.6153846153846154,7.665092305325745,4,34.0,0.47160517701061266,4,34.0
2780.0,4,54.0,3.375,8.319771238645483,4,54.0,0.528215423668446,4,54.0
2785.0,6,81.0,5.4,7.004901765734731,6,81.0,0.40416348663909774,6,81.0
2790.0,5,15.0,0.8823529411764706,4.57270890635233,5,61.0,0.21263955889659655,5,61.0
2795.0,6,42.0,2.625,6.643501027458106,6,42.0,0.31632393623482136,6,42.0
2800.0,1,1.0,0.06666666666666667,4.970183094862475,1,21.0,0.33389295387174134,1,21.0
2805.0,3,12.0,0.7058823529411765,7.276692767722563,2,10.0,0.4313630287816878,2,10.0
2810.0,3,24.0,1.5,6.478456722426735,3,25.0,0.34544083584965046,3,25.0
2815.0,3,39.0,2.4375,7.1452405915210955,3,39.0,0.40277479575779224,3,39.0
2820.0,2,8.0,0.5714285714285714,6.098299701499475,2,25.0,0.28645872263247985,2,25.0
2825.0,4,23.0,1.9166666666666667,5.491307783250133,4,23.0,0.1279881981836955,4,23.0
2830.0,2,3.0,0.25,6.990051360284576,2,23.0,0.31279939951032915,2,23.0
2835.0,2,13.0,1.1818181818181819,7.548814689644072,2,13.0,0.4302763273025806,2,13.0
2840.0,1,1.0,0.1,6.830349731622492,1,10.0,0.46910160816662927,1,10.0
2845.0,3,14.0,1.1666666666666667,7.630571627974887,3,14.0,0.5145363013663168,3,14.0
2850.0,1,3.0,0.2,5.947716208475839,1,9.0,0.3294507230608013,1,9.0
2855.0,3,18.0,1.2857142857142858,8.214053464065588,3,18.0,0.4866316468867192,3,18.0
2860.0,3,33.0,3.3,5.292547234585474,3,33.0,0.0475583230021923,3,33.0
2865.0,1,3.0,0.3333333333333333,7.3205905435771355,1,19.0,0.4592221859505717,1,19.0
2870.0,0,0.0,0.0,9.579126268545318,0,3.0,0.6823157488964474,0,3.0
2875.0,1,2.0,0.14285714285714285,8.690387463063818,1,5.0,0.6615474281084175,1,5.0
2880.0,1,7.0,0.4375,8.086775263931845,1,10.0,0.6356289217114626,1,10.0
2885.0,2,13.0,0.8666666666666667,9.16253240966796,2,16.0,0.48669965592102776,2,16.0
2890.0,0,0.0,0.0,7.506994032110539,0,6.0,0.4429760958862063,0,6.0
2895.0,2,8.0,0.6153846153846154,7.8579878147132325,2,8.0,0.527272583156981,2,8.0
2900.0,3,21.0,1.6153846153846154,7.527966178578449,3,21.0,0.43661468438316403,3,21.0
2905.0,1,1.0,0.09090909090909091,6.129973678307874,0,6.0,0.39577634682114626,0,6.0
2910.0,0,0.0,0.0,8.88135256226568,0,0.0,0.6530360063586782,0,0.0
2915.0,1,3.0,0.1875,11.497108787919052,1,3.0,0.7880694590559305,1,3.0
2920.0,4,15.0,1.1538461538461537,4.920307623012715,4,15.0,0.15101614070236177,4,15.0
2925.0,7,47.0,3.357142857142857,5.5708355790054656,7,47.0,0.2267388917175421,7,47.0
2930.0,2,2.0,0.16666666666666666,3.9658451850313683,1,25.0,0.3121212780536549,1,25.0
2935.0,4,14.0,0.9333333333333333,6.059391705851483,4,24.0,0.25746435642243604,4,24.0
2940.0,3,13.0,0.8666666666666667,7.172916754641599,3,23.0,0.3536162350422948,3,23.0
2945.0,2,23.0,1.2105263157894737,7.784477540998991,2,33.0,0.5040528565409821,2,33.0
2950.0,1,1.0,0.047619047619047616,8.029384892404677,1,2.0,0.5690180625905386,1,2.0
2955.0,5,18.0,0.8181818181818182,6.606436570574886,4,16.0,0.43302873251875856,4,16.0
2960.0,5,41.0,2.05,5.126669577021595,5,41.0,0.23740849733858063,5,41.0
2965.0,5,66.0,3.473684210526316,6.037032409224187,5,66.0,0.27509968445657706,5,66.0
2970.0,5,8.0,0.47058823529411764,5.382832175167109,5,55.0,0.19610026602029126,5,55.0
2975.0,6,37.0,2.3125,6.513503593642859,6,37.0,0.2958173309195941,6,37.0
2980.0,1,1.0,0.058823529411764705,6.273060454530352,0,26.0,0.4362705982080175,0,26.0
2985.0,3,9.0,0.47368421052631576,6.933708427620943,3,18.0,0.4041591176606466,3,18.0
2990.0,5,27.0,1.6875,4.593780013122964,4,26.0,0.2450494266397943,4,26.0
2995.0,5,47.0,2.9375,6.321535324166831,4,46.0,0.2548294914022023,4,46.0
3000.0,1,3.0,0.23076923076923078,4.700884197567347,1,28.0,0.1733996367952407,1,28.0
3005.0,6,17.0,1.1333333333333333,7.38107168765888,6,17.0,0.2962043542013537,6,17.0
3010.0,0,0.0,0.0,7.496758940239569,0,5.0,0.5586275308294147,0,5.0
3015.0,2,7.0,0.5,8.83928914436529,2,7.0,0.63956816785126,2,7.0
3020.0,2,4.0,0.26666666666666666,6.394814805303781,2,9.0,0.3849071434642917,2,9.0
3025.0,6,27.0,1.8,6.732710613380923,6,27.0,0.3808049612541501,6,27.0
3030.0,0,0.0,0.0,5.418736002173271,0,18.0,0.22060387711399176,0,18.0
3035.0,3,7.0,0.4117647058823529,7.874719417909897,3,13.0,0.46516275914482996,3,13.0
3040.0,2,2.0,0.11764705882352941,7.569119937518314,2,14.0,0.4905148746781766,2,14.0
3045.0,6,24.0,1.411764705882353,6.3145409837446405,6,30.0,0.35726003521455413,6,30.0
3050.0,1,3.0,0.14285714285714285,6.086148711961748,1,26.0,0.32337689617300086,1,26.0
3055.0,1,4.0,0.16,8.764910621796108,1,12.0,0.5297494186282202,1,12.0
3060.0,4,16.0,0.6956521739130435,6.391563483894878,3,18.0,0.35203163445117797,3,18.0
3065.0,2,8.0,0.34782608695652173,5.651144334773268,2,25.0,0.3198470746759429,2,25.0
3070.0,5,19.0,0.8260869565217391,5.315184217046846,5,33.0,0.2621299366352678,5,33.0
3075.0,5,12.0,0.5,4.74536057022542,4,39.0,0.22920008047316098,4,39.0
3080.0,8,28.0,1.2173913043478262,6.174941779541144,8,63.0,0.3120324776455588,8,63.0
3085.0,7,21.0,0.9545454545454546,3.4636451936741492,7,75.0,0.12515410653266526,7,75.0
3090.0,10,48.0,2.1818181818181817,4.273596467394714,10,93.0,0.1641520137005826,10,93.0
3095.0,5,21.0,1.0,4.475182321883871,4,81.0,0.25459031718341774,4,81.0
3100.0,5,16.0,0.6666666666666666,5.621186267581042,4,76.0,0.3271663467141561,4,76.0
3105.0,5,13.0,0.5909090909090909,4.439814121490554,4,80.0,0.1988719991310629,4,80.0
3110.0,9,38.0,1.6521739130434783,2.9764195571077887,9,100.0,0.11950793202846982,9,100.0
3115.0,5,12.0,0.5217391304347826,4.152836107226302,4,87.0,0.21129757498447668,4,87.0
3120.0,5,16.0,0.5925925925925926,6.384624777420805,5,95.0,0.3233077863473196,5,95.0
3125.0,4,7.0,0.2413793103448276,5.382604814444574,4,89.0,0.2773547839177411,4,89.0
3130.0,7,36.0,1.2857142857142858,5.152073437895453,7,104.0,0.24701541646336034,7,104.0
3135.0,8,31.0,1.1071428571428572,3.1954977220557375,8,101.0,0.09753458621857582,8,101.0
3140.0,9,33.0,1.32,4.325954409338262,9,92.0,0.13534687889597913,9,92.0
3145.0,4,17.0,0.7727272727272727,3.652141499336584,4,108.0,0.12486035127927952,4,108.0
3150.0,5,26.0,1.1818181818181819,5.441725346632141,5,114.0,0.24730339579181565,5,114.0
3155.0,7,16.0,0.6956521739130435,4.623264286951541,6,94.0,0.3144433837313949,6,94.0
3160.0,6,21.0,0.875,4.574124309890821,6,107.0,0.22884746844414175,6,107.0
3165.0,7,20.0,0.8333333333333334,3.947302611117903,7,122.0,0.18758100727111982,7,122.0
3170.0,9,41.0,1.64,3.903226217959469,9,135.0,0.19218078865849333,9,135.0
3175.0,15,106.0,4.076923076923077,3.7819284535981073,15,186.0,0.1991996176151871,15,186.0
3180.0,9,56.0,2.0,3.243458374319451,8,177.0,0.1609234158066568,8,177.0
3185.0,8,32.0,1.0666666666666667,5.215181347759299,7,179.0,0.2881772454420088,7,179.0
3190.0,5,28.0,1.0,4.164494890821859,4,167.0,0.17133905533571808,4,167.0
3195.0,4,43.0,1.6538461538461537,4.4398302256472935,4,157.0,0.20357001369012015,4,157.0
3200.0,8,71.0,2.9583333333333335,3.7066358901342475,7,135.0,0.10666210400360435,7,135.0
3205.0,4,20.0,0.8333333333333334,4.788801541165602,4,136.0,0.18279854008303853,4,136.0
3210.0,8,30.0,1.2,5.996468816489674,8,122.0,0.3353251096735066,8,122.0
3215.0,4,14.0,0.5833333333333334,4.788855221607591,4,97.0,0.29908538294982495,4,97.0
3220.0,7,28.0,1.0769230769230769,4.141758609185022,6,96.0,0.18244073812225983,6,96.0
3225.0,7,60.0,2.142857142857143,5.570549545647229,7,132.0,0.2677817637576646,7,132.0
3230.0,8,31.0,1.24,4.140650562734764,8,136.0,0.24220804116822542,8,136.0
3235.0,13,68.0,2.8333333333333335,2.123390249968193,13,142.0,0.07054273355885651,13,142.0
3240.0,8,26.0,1.04,3.918001534253148,7,143.0,0.1901545914292482,7,143.0
3245.0,6,22.0,0.8461538461538461,4.951491807343276,6,100.0,0.22941536822224787,6,100.0
3250.0,5,15.0,0.625,5.009137268607872,5,92.0,0.22320815607494315,5,92.0
3255.0,9,45.0,1.875,4.965102185594615,9,113.0,0.22071760860562717,9,113.0
3260.0,12,102.0,4.636363636363637,3.822869333487002,12,166.0,0.13929414229172904,12,166.0
3265.0,5,37.0,1.608695652173913,4.206828719195634,5,140.0,0.18759226361914969,5,140.0
3270.0,2,7.0,0.2916666666666667,6.623751220256007,2,95.0,0.2845382106384447,2,95.0
3275.0,2,15.0,0.7894736842105263,7.603245801566507,2,53.0,0.4465929043121383,2,53.0
3280.0,3,26.0,1.368421052631579,6.523806268043205,3,46.0,0.3419259094902656,3,46.0
3285.0,1,2.0,0.125,7.119339963476737,1,27.0,0.42891833911426613,1,27.0
3290.0,6,19.0,1.1875,6.332436556734935,6,39.0,0.2920056161331911,6,39.0
3295.0,0,0.0,0.0,7.510837685157188,0,17.0,0.43062138913995945,0,17.0
3300.0,2,8.0,0.42105263157894735,10.414200681033495,2,8.0,0.726651050055899,2,8.0
3305.0,2,18.0,1.2857142857142858,6.938170710973523,2,18.0,0.41039995784080163,2,18.0
3310.0,1,4.0,0.3076923076923077,7.212898750106577,1,5.0,0.259656267033011,1,5.0
3315.0,3,14.0,1.4,6.108841686950594,3,15.0,0.2812126103527271,3,15.0
3320.0,5,33.0,3.3,5.420777859120874,5,34.0,0.2553564981700035,5,34.0
3325.0,5,57.0,5.7,4.99311053301285,5,58.0,0.2943154102101656,5,58.0
3330.0,1,5.0,0.45454545454545453,7.075264313503092,1,33.0,0.4363193400383425,1,33.0
3335.0,2,3.0,0.23076923076923078,8.184127030456052,1,19.0,0.5125254094944637,1,19.0
3340.0,2,6.0,0.4,8.972641018993043,2,26.0,0.5771373482467336,2,26.0
3345.0,2,11.0,0.7333333333333333,7.19066310112206,2,31.0,0.4410199358177718,2,31.0
3350.0,7,37.0,2.466666666666667,4.733284454173912,7,57.0,0.25028424213775036,7,57.0
3355.0,0,0.0,0.0,6.452688922196497,0,31.0,0.46929764955113173,0,31.0
3360.0,1,2.0,0.13333333333333333,6.549786012333172,0,7.0,0.2895217575781042,0,7.0
3365.0,3,9.0,0.6428571428571429,7.353502792906707,3,17.0,0.3047755961941319,3,17.0
3370.0,3,11.0,0.6875,7.514589534659793,3,19.0,0.4501229794453373,3,19.0
3375.0,4,29.0,1.7058823529411764,7.27991957402384,4,37.0,0.527687723859141,4,37.0
3380.0,3,11.0,0.6470588235294118,4.963022831766648,2,33.0,0.289536461687831,2,33.0
3385.0,5,19.0,1.0,6.290498058130737,4,25.0,0.2777396953232556,4,25.0
3390.0,4,37.0,2.176470588235294,7.125759164485645,4,37.0,0.28195610545819383,4,37.0
3395.0,1,3.0,0.21428571428571427,6.817911550696711,1,27.0,0.27508710891117794,1,27.0
3400.0,3,15.0,1.1538461538461537,7.751509470714047,3,15.0,0.4618517447227273,3,15.0
3405.0,0,0.0,0.0,9.203530213090213,0,6.0,0.6228245731370874,0,6.0
3410.0,2,7.0,0.5384615384615384,8.364399190652337,2,7.0,0.5680911195987016,2,7.0
3415.0,0,0.0,0.0,5.75989024050587,0,2.0,0.29016556569023966,0,2.0
3420.0,4,18.0,1.2,6.8898003285772775,4,20.0,0.4597046260215975,4,20.0
3425.0,2,2.0,0.1,6.394053158956191,0,6.0,0.5374737845019759,0,6.0
3430.0,6,20.0,1.1111111111111112,5.130169298024948,5,20.0,0.2591487123299146,5,20.0
3435.0,4,6.0,0.3,4.3187776496500465,4,39.0,0.17416663923479336,4,39.0
3440.0,5,21.0,1.0,5.590160541109389,5,44.0,0.3118903869170184,5,44.0
3445.0,3,10.0,0.5263157894736842,4.838170392038481,3,33.0,0.2873666841765792,3,33.0
3450.0,4,11.0,0.5789473684210527,6.766112672457554,4,30.0,0.3000089722827788,4,30.0
3455.0,4,31.0,1.7222222222222223,7.121661033436745,4,37.0,0.3631923576703561,4,37.0
3460.0,4,51.0,2.6842105263157894,8.41782231922836,4,51.0,0.5293562034356055,4,51.0
3465.0,4,71.0,3.55,8.820286520143046,4,71.0,0.46677595590476545,4,71.0
3470.0,2,3.0,0.16666666666666666,6.505274422054276,2,46.0,0.39021662601441154,2,46.0
3475.0,3,11.0,0.6470588235294118,4.897437379929145,3,13.0,0.29369449806176057,3,13.0
3480.0,3,5.0,0.3125,5.136878698861697,2,15.0,0.2846296069432846,2,15.0
3485.0,4,25.0,1.6666666666666667,6.179262717875455,3,24.0,0.31907202192390466,3,24.0
3490.0,1,4.0,0.26666666666666666,9.322807320043202,1,15.0,0.542169712033064,1,15.0
3495.0,3,13.0,1.1818181818181819,7.134104072992899,3,16.0,0.33391547445079267,3,16.0
3500.0,2,2.0,0.15384615384615385,6.1233526670654,0,1.0,0.53181203309589,0,1.0
3505.0,0,0.0,0.0,8.356563177456934,0,0.0,0.691971560708994,0,0.0
3510.0,2,2.0,0.15384615384615385,6.974617207545821,1,1.0,0.4047851941369495,1,1.0
3515.0,2,10.0,0.6666666666666666,7.30251193405413,2,12.0,0.4196787974173113,2,12.0
3520.0,0,0.0,0.0,8.481108795722424,0,5.0,0.6057512045188758,0,5.0
3525.0,2,3.0,0.1875,7.000830531312241,1,6.0,0.3933744973955871,1,6.0
3530.0,1,3.0,0.2,6.6246197089653025,1,10.0,0.3288542106783148,1,10.0
3535.0,6,24.0,1.6,7.007153384878843,6,31.0,0.41132536580031515,6,31.0
3540.0,2,7.0,0.3888888888888889,5.509573519339749,2,26.0,0.3676662343968725,2,26.0
3545.0,3,10.0,0.47619047619047616,8.386967449725862,2,14.0,0.5598142819523486,2,14.0
3550.0,5,8.0,0.4444444444444444,5.4579221284559445,5,14.0,0.23001755180397507,5,14.0
3555.0,10,46.0,2.4210526315789473,4.498609813129187,10,46.0,0.1262015948073703,10,46.0
3560.0,2,7.0,0.3333333333333333,8.027464686617028,1,37.0,0.5817428753737545,1,37.0
3565.0,1,3.0,0.125,7.887195462552768,1,17.0,0.5204306223156988,1,17.0
3570.0,4,16.0,0.7619047619047619,5.072528035815568,4,22.0,0.21185117747189544,4,22.0
3575.0,8,26.0,1.368421052631579,4.598593076973767,8,45.0,0.13476653946603628,8,45.0
3580.0,7,52.0,3.25,4.842682530543018,7,67.0,0.15713850023678563,7,67.0
3585.0,3,8.0,0.5714285714285714,4.126359279791363,3,55.0,0.06857774255952014,3,55.0
3590.0,3,15.0,1.0,5.963101390171527,2,46.0,0.2971073060433198,2,46.0
3595.0,3,25.0,1.6666666666666667,7.356366257749887,3,50.0,0.40030804699381306,3,50.0
3600.0,2,8.0,0.5333333333333333,5.369399869856308,2,42.0,0.2401789591739093,2,42.0
